{"digests":{"css/app-884af9d9dbcf372d7bf57e791b7080c6.css":{"digest":"884af9d9dbcf372d7bf57e791b7080c6","logical_path":"css/app.css","mtime":63793083574,"sha512":"OEpjsoKfMplI5kuvxDQD8lpf130y9xuZushf9IahBDTldCUAxl9Itbr0Q4IiMBypoafex+8j6yDfXt/gEddIqg==","size":10491},"css/app-a9b1c165857e9136c85312bcd7584086.css":{"digest":"a9b1c165857e9136c85312bcd7584086","logical_path":"css/app.css","mtime":63793244773,"sha512":"eiNUc0Z/48pfstwDAmGXzn/fYLXBoFTeIv0b5N9IMPdaoE5PNWsZY6L8wvqjNumELUS8gNu1PbHX+65Et6/ZMQ==","size":11778},"favicon-a8ca4e3a2bb8fea46a9ee9e102e7d3eb.ico":{"digest":"a8ca4e3a2bb8fea46a9ee9e102e7d3eb","logical_path":"favicon.ico","mtime":63793244773,"sha512":"vCKvNNXeSP/2RRr6IN8PVa8/Hl6ImUO7miAOIMABYwbCzlm0UTRsY30uYb1k5gcCOPIsv6nZuFlJj/h8z+InzQ==","size":1258},"images/phoenix-5bd99a0d17dd41bc9d9bf6840abcc089.png":{"digest":"5bd99a0d17dd41bc9d9bf6840abcc089","logical_path":"images/phoenix.png","mtime":63793244773,"sha512":"93pY5dBa8nHHi0Zfj75O/vXCBXb+UvEVCyU7Yd3pzOJ7o1wkYBWbvs3pVXhBChEmo8MDANT11vsggo2+bnYqoQ==","size":13900},"js/app-9208c15ac0cec70bc6a46d034d37edd1.js":{"digest":"9208c15ac0cec70bc6a46d034d37edd1","logical_path":"js/app.js","mtime":63793244773,"sha512":"KzXH0ah9foC2uxOmfaTkPbMKLORZ3yOP3vZzY0l0EQEEMkQ1/sJ/4Pd3rlriLv9cF3j/Ygywt2uxt0qGBOUQAA==","size":361647},"js/app-9d8253583c5c2c6ae856b59e0624aee7.js":{"digest":"9d8253583c5c2c6ae856b59e0624aee7","logical_path":"js/app.js","mtime":63793083574,"sha512":"40y3OI0r7/d/fyp6rKMxIqM8CVzUt8Tn/izaXX1o8NmtPjoq07lFt2yvLZfcQ49m/jk+5O3JoKenMwk9uNnhgA==","size":104161},"js/app.js.LICENSE-d07386367cd3816358299f4f0862f580.txt":{"digest":"d07386367cd3816358299f4f0862f580","logical_path":"js/app.js.LICENSE.txt","mtime":63793244773,"sha512":"ZtZr+BCNYbN2VPk8e/uHnixudN9O105Me6QEb0IxkNyh9Gc+CI+lDUKMVAPPqM6zBddidpcczr9EYXD3spEo+g==","size":139},"robots-067185ba27a5d9139b10a759679045bf.txt":{"digest":"067185ba27a5d9139b10a759679045bf","logical_path":"robots.txt","mtime":63793244773,"sha512":"8FA6TZeCo3hFYcQ+9knbh3TrhkqGzYJx/uD5yRvggwM7gwfBPrPGqqrbVTZjnnnvlsw1zs1WJTPYez1zr/U4ug==","size":202}},"latest":{"css/app.css":"css/app-a9b1c165857e9136c85312bcd7584086.css","favicon.ico":"favicon-a8ca4e3a2bb8fea46a9ee9e102e7d3eb.ico","images/phoenix.png":"images/phoenix-5bd99a0d17dd41bc9d9bf6840abcc089.png","js/app.js":"js/app-9208c15ac0cec70bc6a46d034d37edd1.js","js/app.js.LICENSE.txt":"js/app.js.LICENSE-d07386367cd3816358299f4f0862f580.txt","robots.txt":"robots-067185ba27a5d9139b10a759679045bf.txt"},"version":1}